Purchase ID,User ID,Product ID,Service,Cost,Months to expire,Category
64945641,526540,763457,ProSupport,800,1,1
81354292,859327,985473,Premium Support ,1000,7,8
31989537,887387,763457,FIX your PC,2000,22,10
54285732,779497,648367,ProSupport One for Data Center,1200,17,7
56959527,896517,985473,Base Warranty,800,17,9
55651117,220965,207552,ProSupport Plus,1500,12,1
73648582,220965,207552,ProSupport Flex,600,20,1
81957448,220965,207552,Service Account Manager(SAM),3000,20,4
32063863,721091,386534,Optimize for Storage,1500,21,3
36117209,721091,386534,Service Account Manager(SAM),3000,11,4
51726793,721091,386534,Technical Account Manager(TAM),5000,4,4
91036226,721091,386534,Designated Support Engineer(DSE),8000,4,4
51213611,721091,386534,PCAAS for Business,4000,14,7
94215829,633636,457953,Accidental Damage Service,1000,16,5
85133348,823898,207552,PCAAS for Enterprise,7000,15,7
29276981,413865,207552,Secure Remote Services,1500,17,11
81627567,439483,648367,Dell Technologies Unified Workspace,9000,22,7
51659187,809408,207552,ProSupport Plus,1000,10,1
25148126,748190,207552,ProSupport Flex,600,9,1
21278751,397283,457953,Premium Support Plus,1500,14,8
12853005,553684,207552,Service Account Manager(SAM),3000,19,4
67724547,495667,985473,Warranty Extension,1800,10,9
62558095,936158,763457,Warranty Extension,1800,22,9
70563038,537591,648367,ProSupport One for Data Center,1200,7,7
49282935,909018,985473,FIX your PC,2000,21,10
93077158,878666,985473,Support Assist,6000,14,11
67489288,995710,207552,PCAAS for Enterprise,7000,2,7
36082857,511059,985473,Secure Remote Services,1500,15,11
54254671,754455,207552,Secure Remote Services,1500,7,11
76790971,489275,207552,ProSupport Plus,1000,18,1
48497119,500905,985473,MyService360,1500,20,2
27491609,984409,457953,Warranty Extension,1800,16,9
90526824,812053,207552,ProSupport Flex,600,10,1
47712138,550206,648367,Optimize for Storage,1500,7,3
61851783,728053,207552,Service Account Manager(SAM),3000,10,4
23014677,184257,207552,PCAAS for Enterprise,7000,7,7
82376852,235295,648367,Service Account Manager(SAM),3000,14,4
97091453,235295,648367,Technical Account Manager(TAM),5000,13,4
35118657,235295,386534,Designated Support Engineer(DSE),8000,10,4
30473645,235295,386534,PCAAS for Business,4000,6,7
76591471,235295,386534,Dell Technologies Unified Workspace,9000,22,7
54709646,235295,386534,ProSupport One for Data Center,1200,13,7
29633171,235295,386534,Optimize for Storage,1500,14,3
24780101,235295,386534,Service Account Manager(SAM),3000,9,4
57212704,767674,763457,Keep Your Hard Drive,2000,4,6
86201927,391837,763457,ProSupport,800,15,1
36954763,466560,457953,Support Assist,6000,23,11
93447585,900756,648367,Technical Account Manager(TAM),5000,6,4
56566406,678628,207552,Secure Remote Services,1500,8,11
11595963,492527,648367,Designated Support Engineer(DSE),8000,17,4
23703056,886060,648367,PCAAS for Business,4000,19,7
36967889,366431,207552,ProSupport Plus,1000,1,1
33411035,331297,648367,Dell Technologies Unified Workspace,9000,17,7
33202319,496541,207552,ProSupport Flex,600,23,1
51054858,654617,648367,ProSupport One for Data Center,1200,20,7
15572579,163409,207552,Service Account Manager(SAM),3000,10,4
86864282,299088,386534,Optimize for Storage,1500,19,3
10953677,961442,985473,Premium Support,1000,10,8
32255727,155097,457953,TechDirect,3000,20,11
31869974,976422,763457,FIX your PC,2000,16,10
71021879,138911,386534,Service Account Manager(SAM),3000,17,4
85488881,160938,207552,PCAAS for Enterprise,7000,13,7
64333844,399707,457953,Accidental Damage Service,1000,10,5
36684785,713294,457953,Premium Support Plus,1500,20,8
97492098,627298,207552,Secure Remote Services,1500,4,11
85621516,709884,985473,Base Warranty,800,16,9
29302270,932773,386534,Technical Account Manager(TAM),5000,18,4
83368861,796605,386534,Designated Support Engineer(DSE),8000,6,4
56274858,885395,207552,ProSupport Plus,1000,3,1
97318469,885395,207552,ProSupport Flex,600,14,1
31953044,411503,386534,PCAAS for Business,4000,13,7
43002606,622405,457953,Warranty Extension,1800,19,9
82858354,233136,457953,Support Assist,6000,6,11
13693390,170637,386534,Dell Technologies Unified Workspace,9000,9,7
52058155,215719,763457,Warranty Extension,1800,19,9
73747173,452163,763457,Keep Your Hard Drive,2000,14,6
56312973,572204,985473,Warranty Extension,1800,20,9
98223313,779517,985473,FIX your PC,2000,10,10
26904542,844157,457953,TechDirect,3000,8,11
22374362,312726,985473,Support Assist,6000,19,11
60326043,419549,207552,Service Account Manager(SAM),3000,21,4
88540910,419549,207552,PCAAS for Enterprise,7000,23,7
40760079,505927,207552,Secure Remote Services,1500,9,11
84565046,526254,207552,ProSupport Plus,1000,4,1
15004030,460226,386534,ProSupport One for Data Center,1200,19,7
36757803,840113,985473,Secure Remote Services,1500,22,11
39622549,432820,985473,MyService360,1500,10,2
74180314,957596,763457,ProSupport,800,22,1
41907305,530134,985473,Premium Support,1000,9,8
54684878,316372,457953,Accidental Damage Service,1000,15,5
64886589,501658,763457,FIX your PC,2000,10,10
54488670,147133,207552,ProSupport Flex,600,22,1
26236813,551149,386534,Optimize for Storage,1500,3,3
31719412,551149,386534,Service Account Manager(SAM),3000,8,4
17071278,551149,386534,Technical Account Manager(TAM),5000,18,4
29606179,551149,386534,Designated Support Engineer(DSE),8000,10,4
42733941,551149,386534,PCAAS for Business,4000,6,7
82765963,551149,386534,Dell Technologies Unified Workspace,9000,11,7
77575314,595558,985473,Base Warranty,800,6,9
25577623,637407,648367,ProSupport One for Data Center,1200,10,7
97492419,597741,648367,Optimize for Storage,1500,9,3
41059388,403534,457953,Premium Support Plus,1500,17,8
65395368,314661,648367,Service Account Manager(SAM),3000,23,4
80474453,317987,763457,Warranty Extension,1800,13,9
15586226,820109,763457,Keep Your Hard Drive,2000,19,6
25482766,388558,207552,Service Account Manager(SAM),3000,8,4
61091578,403207,207552,PCAAS for Enterprise,7000,13,7
52552047,143711,457953,Warranty Extension,1800,6,9
76264530,402180,207552,Secure Remote Services,1500,11,11
65645432,242388,985473,Warranty Extension,1800,3,9
11277943,819367,763457,ProSupport,800,17,1
88019762,962291,207552,ProSupport Flex,600,7,1
74387512,856379,207552,ProSupport Plus,1000,7,1
55035969,149972,207552,Service Account Manager(SAM),3000,21,4
35831774,174955,648367,Technical Account Manager(TAM),5000,18,4
51838420,174955,648367,Designated Support Engineer(DSE),8000,8,4
59941852,174955,648367,PCAAS for Business,4000,12,7
82263060,174955,648367,Dell Technologies Unified Workspace,9000,21,7
97184006,549389,985473,FIX your PC,2000,18,10
29434928,466832,207552,PCAAS for Enterprise,7000,4,7
88167882,203380,207552,Secure Remote Services,1500,4,11
15973443,915991,207552,ProSupport Flex,600,4,1
26064503,289172,386534,ProSupport One for Data Center,1200,1,7
25524292,914365,207552,ProSupport Plus,1000,15,1
76978506,971242,386534,Optimize for Storage,1500,23,3
54525674,503248,386534,Service Account Manager(SAM),3000,13,4
64202216,521540,985473,Support Assist,6000,16,11
32046515,790395,985473,Secure Remote Services,1500,8,11
67022330,734861,985473,MyService360,1500,8,2
49568138,592815,207552,ProSupport Plus,1000,4,1
53345471,592815,207552,ProSupport Flex,600,23,1
56286523,556008,207552,Service Account Manager(SAM),3000,19,4
88314710,556008,207552,PCAAS for Enterprise,7000,8,7
72755789,888597,457953,Support Assist,6000,19,11
47839482,946550,386534,Technical Account Manager(TAM),5000,14,4
16591341,438869,207552,Secure Remote Services,1500,23,11
78093176,685600,985473,Base Warranty,800,10,9
59531486,829901,386534,Designated Support Engineer(DSE),8000,22,4
14888831,829901,386534,ProSupport One for Data Center,1200,10,7
85418546,829901,386534,Optimize for Storage,1500,21,3
40344023,829901,386534,Service Account Manager(SAM),3000,17,4
88620290,354626,386534,Technical Account Manager(TAM),5000,6,4
82276601,354626,386534,Designated Support Engineer(DSE),8000,7,4
79528140,296454,386534,PCAAS for Business,4000,12,7
51140345,296454,386534,Dell Technologies Unified Workspace,9000,10,7
84805498,296454,386534,ProSupport One for Data Center,1200,6,7
48866854,296454,386534,Optimize for Storage,1500,11,3
97814204,296454,386534,Service Account Manager(SAM),3000,16,4
54117557,867400,386534,Technical Account Manager(TAM),5000,13,4
55577133,354161,207552,ProSupport Plus,1000,19,1
90541063,906193,985473,Base Warranty,800,17,9
77319629,602041,207552,ProSupport Flex,600,17,1
17621589,514224,985473,Base Warranty,800,14,9
73135076,834046,648367,Designated Support Engineer(DSE),8000,1,4
83805386,538803,207552,Service Account Manager(SAM),3000,15,4
16844803,487412,985473,Base Warranty,800,15,9
57488212,286281,985473,Base Warranty,800,20,9
66817343,788924,985473,Base Warranty,800,20,9
52984656,416576,648367,ProSupport One for Data Center,1200,6,7
70903643,960215,648367,Optimize for Storage,1500,5,3
82411896,549513,648367,Service Account Manager(SAM),3000,17,4
86817979,509864,648367,Technical Account Manager(TAM),5000,14,4
25450022,832966,648367,Designated Support Engineer(DSE),8000,11,4
95408645,832966,648367,PCAAS for Business,4000,2,7
49420918,832966,648367,Dell Technologies Unified Workspace,9000,20,7
75484228,306746,207552,PCAAS for Enterprise,7000,4,7
65957620,945031,985473,Premium Support ,1000,21,8
80616016,684637,207552,PCAAS for Enterprise,7000,19,7
70142713,891328,648367,ProSupport One for Data Center,1200,2,7
93960690,383614,207552,PCAAS for Enterprise,7000,10,7
72636183,180789,207552,PCAAS for Enterprise,7000,14,7
71706891,356050,457953,TechDirect,3000,13,11
78041680,185465,763457,FIX your PC,2000,13,10
99952219,687184,648367,Optimize for Storage,1500,10,3
41984944,489916,648367,Service Account Manager(SAM),3000,6,4
86950766,435833,985473,Premium Support ,1000,13,8
52221272,702411,985473,Premium Support ,1000,14,8
73632031,645244,457953,Accidental Damage Service,1000,2,5
72271266,755710,648367,Technical Account Manager(TAM),5000,4,4
69175559,329638,763457,Warranty Extension,1800,6,9
25134835,947428,763457,Keep Your Hard Drive,2000,11,6
94683346,353117,207552,PCAAS for Enterprise,7000,5,7
79895174,525537,207552,Service Account Manager(SAM),3000,6,4
10346279,117598,648367,Designated Support Engineer(DSE),8000,14,4
62752438,957898,648367,ProSupport One for Data Center,1200,13,7
49028107,643106,648367,Optimize for Storage,1500,12,3
13932524,691376,763457,ProSupport,800,2,1
84719739,290435,207552,Service Account Manager(SAM),3000,10,4
32600198,428318,457953,Premium Support Plus,1500,7,8
53081478,709493,648367,Service Account Manager(SAM),3000,17,4
66934828,837051,648367,Technical Account Manager(TAM),5000,20,4
44890592,818907,207552,Service Account Manager(SAM),3000,22,4
15182820,613084,207552,Service Account Manager(SAM),3000,10,4
86091168,400205,763457,FIX your PC,2000,21,10
49113227,363221,985473,Premium Support ,1000,11,8
66087596,445473,207552,Secure Remote Services,1500,17,11
36376263,229262,207552,Secure Remote Services,1500,18,11
81716636,952927,207552,Secure Remote Services,1500,9,11
78746177,723502,763457,Warranty Extension,1800,8,9
61430998,642626,648367,Designated Support Engineer(DSE),8000,4,4
29192790,470485,763457,Keep Your Hard Drive,2000,16,6
85636327,620100,207552,Secure Remote Services,1500,3,11
18375463,771679,207552,ProSupport Plus,1000,9,1
10157136,904561,207552,ProSupport Plus,1000,14,1
81667076,465279,985473,MyService360,1500,2,2
15182270,293923,985473,MyService360,1500,22,2
95984742,331158,648367,PCAAS for Business,4000,10,7
57580148,483286,648367,Dell Technologies Unified Workspace,9000,3,7
82667209,957621,207552,ProSupport Plus,1000,3,1
31269791,464683,648367,ProSupport One for Data Center,1200,15,7
77877315,431073,457953,Premium Support Plus,1500,21,8
90634798,346953,207552,ProSupport Plus,1000,21,1
28637066,209718,985473,MyService360,1500,11,2
23488351,179094,207552,ProSupport Plus,1000,7,1
13288605,209065,207552,ProSupport Flex,600,22,1
51372110,915973,207552,ProSupport Flex,600,17,1
11057257,793674,763457,ProSupport,800,20,1
48719191,915973,207552,ProSupport Flex,600,21,1
48719190,665291,207552,PCAAS for Enterprise,7000,23,7
27391693,258503,457953,Premium Support Plus,1500,15,8
48353459,910235,763457,FIX your PC,2000,6,10
95428261,605376,207552,PCAAS for Enterprise,7000,13,7
68259640,291167,763457,Warranty Extension,1800,2,9
54438153,864600,207552,PCAAS for Enterprise,7000,18,7
94581746,862997,648367,Optimize for Storage,1500,9,3
54438154,864600,207552,PCAAS for Enterprise,7000,14,7
38525475,989496,985473,MyService360,1500,4,2
88124505,411593,207552,Secure Remote Services,1500,7,11
93415053,462737,985473,Warranty Extension,1800,14,9
90158159,634772,207552,ProSupport Plus,1000,8,1
14805399,864491,207552,ProSupport Plus,1000,5,1
99743067,771200,648367,Service Account Manager(SAM),3000,21,4
47226913,541253,763457,Keep Your Hard Drive,2000,15,6
92008191,704999,207552,ProSupport Flex,600,6,1
66143665,847603,763457,ProSupport,800,1,1
54370719,462706,164378,ProSupport Flex,600,21,1
24821032,988654,763457,Warranty Extension,1800,17,9
93857314,130373,648367,Technical Account Manager(TAM),5000,18,4
12090777,490970,648367,Designated Support Engineer(DSE),8000,18,4
76181198,885253,457953,Premium Support Plus,1500,19,8
26375593,996402,763457,Keep Your Hard Drive,2000,20,6
28450583,947623,164378,Service Account Manager(SAM),3000,22,4
69793039,184402,457953,Warranty Extension,1800,15,9
27970782,924964,648367,PCAAS for Business,4000,6,7
28450584,947623,164378,ProSupport Flex,600,5,1
34040340,183909,164378,ProSupport Flex,600,21,1
14752423,354069,164378,PCAAS for Enterprise,7000,22,7
53175938,613719,164378,Secure Remote Services,1500,19,11
30049215,357718,648367,Dell Technologies Unified Workspace,9000,17,7
88894969,834650,648367,ProSupport One for Data Center,1200,19,7
28377546,888177,648367,Optimize for Storage,1500,16,3
36938406,888177,648367,Service Account Manager(SAM),3000,12,4
48268964,888177,648367,Technical Account Manager(TAM),5000,16,4
24177043,663522,164378,Service Account Manager(SAM),3000,2,4
29406719,807484,985473,Warranty Extension,1800,16,9
76268716,576715,763457,FIX your PC,2000,15,10
25389847,387891,164378,Service Account Manager(SAM),3000,8,4
70374335,875533,648367,Designated Support Engineer(DSE),8000,11,4
55253778,704654,648367,PCAAS for Business,4000,11,7
22790560,396706,985473,Warranty Extension,1800,22,9
15804202,837859,457953,Warranty Extension,1800,2,9
77319882,906924,648367,Dell Technologies Unified Workspace,9000,21,7
25389847,387891,164378,ProSupport Plus,1000,19,1
33286412,244379,164378,ProSupport Flex,600,6,1
60575550,431394,763457,ProSupport,800,8,1
93401609,549982,985473,FIX your PC,2000,16,10
64519478,766429,164378,Secure Remote Services,1500,8,11
43153963,344898,164378,PCAAS for Enterprise,7000,14,7
10219861,426061,386534,ProSupport One for Data Center,1200,12,7
58370309,788422,763457,ProSupport,800,8,1
98072906,494903,164378,Service Account Manager(SAM),3000,17,4
28776820,939209,164378,ProSupport Plus,1000,22,1
58943616,415047,386534,Optimize for Storage,1500,21,3
65412679,172373,164378,ProSupport Flex,600,8,1
74130413,956982,763457,ProSupport,800,21,1
66788644,377842,164378,Secure Remote Services,1500,17,11
93566415,735648,386534,Service Account Manager(SAM),3000,1,4
78917249,735648,386534,Technical Account Manager(TAM),5000,10,4
68508237,735648,386534,Designated Support Engineer(DSE),8000,15,4
99533019,735648,386534,PCAAS for Business,4000,6,7
19118612,735648,386534,Dell Technologies Unified Workspace,9000,20,7
52190525,735648,386534,ProSupport One for Data Center,1200,7,7
20309343,856621,164378,PCAAS for Enterprise,7000,14,7
71248928,410532,386534,Optimize for Storage,1500,11,3
28965053,387199,763457,FIX your PC,2000,4,10
43475691,486442,386534,Service Account Manager(SAM),3000,4,4
33661541,712096,457953,Warranty Extension,1800,4,9
91719058,187207,164378,Service Account Manager(SAM),3000,2,4
31424199,583435,763457,ProSupport,800,1,1
53736454,652292,386534,Technical Account Manager(TAM),5000,1,4
38752943,839764,386534,Designated Support Engineer(DSE),8000,14,4
35184373,817441,164378,ProSupport Plus,1000,11,1
75840225,319686,164378,ProSupport Flex,600,11,1
75840225,319686,164378,Secure Remote Services,1500,17,11
92229879,340456,763457,Keep Your Hard Drive,2000,5,6
84002970,862292,164378,PCAAS for Enterprise,7000,20,7
62574747,155455,386534,PCAAS for Business,4000,23,7
40981988,755512,763457,Keep Your Hard Drive,2000,1,6
52665849,350036,457953,Warranty Extension,1800,4,9
51593849,660160,164378,Service Account Manager(SAM),3000,5,4
53018020,615367,457953,Warranty Extension,1800,15,9
27690320,926340,164378,ProSupport Plus,1000,2,1
38947273,741414,985473,FIX your PC,2000,4,10
95003253,552215,457953,Warranty Extension,1800,20,9
93464938,629523,386534,Dell Technologies Unified Workspace,9000,20,7
99552697,257355,164378,ProSupport Flex,600,10,1
89578947,405704,386534,ProSupport One for Data Center,1200,6,7
44437643,809563,457953,Warranty Extension,1800,6,9
35181463,551274,386534,Optimize for Storage,1500,22,3
85876064,410721,457953,TechDirect,3000,1,11
99552698,257355,164378,Secure Remote Services,1500,21,11
56794696,411970,386534,Service Account Manager(SAM),3000,15,4
32593156,502786,164378,PCAAS for Enterprise,7000,19,7
34315393,779981,164378,Service Account Manager(SAM),3000,21,4
29988388,243913,457953,TechDirect,3000,21,11
34021962,465563,763457,Keep Your Hard Drive,2000,8,6
49656372,126947,164378,ProSupport Plus,1000,4,1
37576911,997123,386534,Technical Account Manager(TAM),5000,14,4
14740880,768053,164378,ProSupport Flex,600,20,1
87648716,922004,386534,Designated Support Engineer(DSE),8000,19,4
37068860,893257,386534,PCAAS for Business,4000,16,7
54229801,513516,763457,Warranty Extension,1800,13,9
30557303,550688,386534,Dell Technologies Unified Workspace,9000,18,7
60814539,578658,164378,ProSupport Flex,600,19,1
68254137,687401,164378,Secure Remote Services,1500,23,11
93722052,616542,386534,ProSupport One for Data Center,1200,23,7
44392467,229674,386534,Optimize for Storage,1500,7,3
35375291,910839,386534,Service Account Manager(SAM),3000,21,4
84522668,916771,457953,TechDirect,3000,19,11
77668888,917366,386534,Technical Account Manager(TAM),5000,20,4
66704034,138184,457953,TechDirect,3000,1,11
85018245,752368,164378,PCAAS for Enterprise,7000,16,7
85018246,752368,164378,Service Account Manager(SAM),3000,16,4
40915957,246567,164378,Service Account Manager(SAM),3000,23,4
50475557,364826,164378,Service Account Manager(SAM),3000,10,4
68407111,818588,763457,Warranty Extension,1800,11,9
41090325,976130,164378,Service Account Manager(SAM),3000,21,4
59283193,113693,164378,PCAAS for Enterprise,7000,2,7
80675301,259326,457953,Support Assist,6000,12,11
53458716,203015,386534,Designated Support Engineer(DSE),8000,1,4
37797974,507960,164378,PCAAS for Enterprise,7000,18,7
19612655,685086,386534,PCAAS for Business,4000,6,7
44585314,377827,457953,Support Assist,6000,8,11
11059289,793908,386534,Dell Technologies Unified Workspace,9000,18,7
13028667,562756,164378,PCAAS for Enterprise,7000,10,7
10762655,593831,164378,PCAAS for Enterprise,7000,2,7
72273157,654413,985473,FIX your PC,2000,20,10
93854956,177908,386534,ProSupport One for Data Center,1200,18,7
37330521,213923,763457,Warranty Extension,1800,5,9
52218544,453046,457953,Support Assist,6000,19,11
20111510,416395,164378,ProSupport Plus,1000,11,1
41014374,428638,985473,FIX your PC,2000,6,10
80065943,185040,985473,Support Assist,6000,3,11
53011244,369773,985473,Support Assist,6000,2,11
65016126,509313,164378,ProSupport Plus,1000,13,1
89148188,842810,386534,Optimize for Storage,1500,23,3
67061345,641526,457953,Accidental Damage Service,1000,6,5
51153639,347756,763457,Warranty Extension,1800,14,9
65016127,509313,164378,ProSupport Plus,1000,12,1
94481922,310825,164378,ProSupport Plus,1000,1,1
86563839,676338,164378,ProSupport Plus,1000,5,1
51174808,982306,457953,Accidental Damage Service,1000,9,5
95388424,912439,763457,Warranty Extension,1800,2,9
91604161,300153,164378,Secure Remote Services,1500,9,11
44000833,324892,386534,Service Account Manager(SAM),3000,16,4
56439218,742590,386534,Technical Account Manager(TAM),5000,18,4
74219726,402636,457953,Accidental Damage Service,1000,14,5
49909199,405301,763457,Warranty Extension,1800,1,9
94958086,948900,763457,Warranty Extension,1800,18,9
62819909,718875,164378,Secure Remote Services,1500,14,11
45619259,484415,164378,Secure Remote Services,1500,18,11
53746446,350283,985473,Support Assist,6000,17,11
96733356,765212,386534,Designated Support Engineer(DSE),8000,8,4
62529867,760606,985473,Support Assist,6000,4,11
41944522,331661,457953,Accidental Damage Service,1000,14,5
54693019,224563,457953,Accidental Damage Service,1000,18,5
26226050,449882,386534,PCAAS for Business,4000,21,7
77956971,450738,386534,Dell Technologies Unified Workspace,9000,6,7
32113200,806622,763457,Keep Your Hard Drive,2000,7,6
51533778,385833,386534,ProSupport One for Data Center,1200,2,7
55752694,763163,763457,FIX your PC,2000,1,10
16531891,897397,164378,ProSupport Flex,600,11,1
76536102,862696,386534,ProSupport One for Data Center,1200,3,7
45672595,696128,457953,Accidental Damage Service,1000,13,5
33245513,396732,985473,Support Assist,6000,5,11
30260834,525550,763457,FIX your PC,2000,17,10
28254352,391646,164378,ProSupport Flex,600,12,1
66125167,869042,457953,Accidental Damage Service,1000,21,5
53674254,265358,763457,FIX your PC,2000,7,10
95347644,868673,763457,FIX your PC,2000,1,10
42477341,626383,386534,ProSupport One for Data Center,1200,14,7
22461769,150291,164378,ProSupport Flex,600,7,1
35578606,909677,386534,ProSupport One for Data Center,1200,5,7
77050289,138191,985473,Secure Remote Services,1500,5,11
55230601,321519,985473,Secure Remote Services,1500,7,11
29382049,776039,386534,ProSupport One for Data Center,1200,7,7
22461770,150291,164378,ProSupport Flex,600,8,1
48538464,121192,164378,ProSupport Flex,600,23,1
29651591,348481,164378,Service Account Manager(SAM),3000,1,4
94385070,156143,164378,Secure Remote Services,1500,10,11
18132508,986792,164378,Secure Remote Services,1500,9,11
32920278,567275,648367,Optimize for Storage,1500,11,3
56544745,441872,164378,Secure Remote Services,1500,1,11
71883357,247716,985473,Secure Remote Services,1500,7,11
40997284,707951,164378,PCAAS for Enterprise,7000,5,7
15158583,749500,763457,ProSupport,800,19,1
74460409,302532,457953,Premium Support Plus,1500,5,8
90513458,554841,985473,Secure Remote Services,1500,2,11
66432493,341481,648367,Optimize for Storage,1500,14,3
60674524,406419,164378,PCAAS for Enterprise,7000,6,7
71914898,548138,648367,Optimize for Storage,1500,21,3
52566587,613380,763457,ProSupport,800,16,1
64399173,668685,648367,Optimize for Storage,1500,10,3
80785691,805231,648367,Optimize for Storage,1500,14,3
80785690,805231,648367,PCAAS for Business,4000,5,7
97929771,765983,648367,Optimize for Storage,1500,3,3
62583871,383673,985473,Secure Remote Services,1500,17,11
81248340,308543,763457,ProSupport,800,14,1
97703656,811224,648367,Optimize for Storage,1500,13,3
36667817,637979,763457,ProSupport,800,2,1
91909555,431097,763457,FIX your PC,2000,14,10
93525757,509371,985473,Secure Remote Services,1500,8,11
87358745,290554,164378,PCAAS for Enterprise,7000,17,7
50519522,398989,164378,PCAAS for Enterprise,7000,5,7
31821564,551061,164378,ProSupport Plus,1000,17,1
76944244,384939,164378,ProSupport Plus,1000,3,1
98827062,179692,648367,Optimize for Storage,1500,3,3
74896897,628495,648367,Optimize for Storage,1500,20,3
32629943,394010,648367,Optimize for Storage,1500,19,3
13892250,372801,648367,Optimize for Storage,1500,13,3
97975156,999307,763457,Warranty Extension,1800,23,9
23197444,486707,164378,ProSupport Plus,1000,3,1
50777532,312646,648367,Optimize for Storage,1500,2,3
26322755,581520,763457,Keep Your Hard Drive,2000,23,6
82025374,701494,985473,Premium Support ,1000,22,8
95325080,617343,164378,ProSupport Plus,1000,13,1
49488339,653595,457953,TechDirect,3000,23,11
24615325,248995,457953,Warranty Extension,1800,16,9
92336823,739214,164378,ProSupport Plus,1000,17,1
78257446,939293,457953,Support Assist,6000,6,11
48051956,382405,164378,ProSupport Plus,1000,2,1
56657449,978581,164378,ProSupport Plus,1000,9,1
91594139,802411,763457,ProSupport,800,18,1
46375741,438290,164378,ProSupport Plus,1000,7,1
62317893,375215,763457,FIX your PC,2000,9,10
28056868,419637,648367,Optimize for Storage,1500,7,3
14025272,887447,648367,PCAAS for Business,4000,20,7
45719344,736349,648367,PCAAS for Business,4000,11,7
59720508,710423,457953,Accidental Damage Service,1000,1,5
39080837,392529,457953,Premium Support Plus,1500,14,8
85299557,922113,457953,Accidental Damage Service,1000,18,5
54111947,994548,164378,ProSupport Plus,1000,17,1
45652426,849237,648367,Dell Technologies Unified Workspace,9000,12,7
79426656,124742,763457,Warranty Extension,1800,10,9
71877381,612842,457953,Premium Support Plus,1500,22,8
54667485,149140,457953,Accidental Damage Service,1000,4,5
87749572,927344,763457,Warranty Extension,1800,22,9
54111948,994548,164378,ProSupport Plus,1000,4,1
53906964,375880,164378,ProSupport Plus,1000,3,1
76357871,403048,164378,ProSupport Plus,1000,20,1
26210028,258773,648367,Dell Technologies Unified Workspace,9000,14,7
64724952,602135,985473,Base Warranty,800,22,9
35927760,673774,763457,Warranty Extension,1800,19,9
24974501,875902,985473,Warranty Extension,1800,15,9
52614588,296157,457953,Accidental Damage Service,1000,8,5
10918974,788810,164378,Service Account Manager(SAM),3000,12,4
77249709,328375,648367,Dell Technologies Unified Workspace,9000,14,7
83000367,601554,164378,Service Account Manager(SAM),3000,7,4
73597086,828621,648367,Dell Technologies Unified Workspace,9000,14,7
56439191,285385,763457,Warranty Extension,1800,8,9
72883363,556750,164378,Service Account Manager(SAM),3000,11,4
11546058,428798,164378,Service Account Manager(SAM),3000,17,4
20512542,920890,164378,Service Account Manager(SAM),3000,8,4
49185390,619908,985473,FIX your PC,2000,11,10
88370027,608086,457953,Premium Support Plus,1500,23,8
73119635,887855,648367,Service Account Manager(SAM),3000,12,4
86303305,593416,457953,Warranty Extension,1800,14,9
48375505,453240,164378,PCAAS for Enterprise,7000,18,7
36174240,333131,457953,Warranty Extension,1800,19,9
84189694,704255,763457,Warranty Extension,1800,22,9
15167202,836272,164378,PCAAS for Enterprise,7000,8,7
18085114,870724,648367,Service Account Manager(SAM),3000,3,4
27206874,309197,164378,PCAAS for Enterprise,7000,12,7
44003019,868288,648367,Technical Account Manager(TAM),5000,18,4
84085977,289702,648367,Technical Account Manager(TAM),5000,4,4
90053897,229399,763457,Keep Your Hard Drive,2000,11,6
62649504,409602,457953,Warranty Extension,1800,11,9
78495804,926666,763457,Keep Your Hard Drive,2000,13,6
44074652,146904,164378,PCAAS for Enterprise,7000,23,7
76782395,783011,648367,Technical Account Manager(TAM),5000,5,4
40538216,373115,457953,Warranty Extension,1800,19,9
61338138,829747,985473,Support Assist,6000,19,11
91782965,390136,985473,Secure Remote Services,1500,21,11
18876533,418115,648367,Technical Account Manager(TAM),5000,11,4
96917678,595624,763457,Keep Your Hard Drive,2000,16,6
57793498,334312,164378,PCAAS for Enterprise,7000,3,7
17069597,693498,985473,MyService360,1500,20,2
39697752,612413,457953,Support Assist,6000,23,11
42254433,477357,457953,Accidental Damage Service,1000,7,5
64627877,406344,648367,Technical Account Manager(TAM),5000,11,4
22428754,659040,985473,MyService360,1500,12,2
27013513,393086,985473,MyService360,1500,20,2
12922471,547881,985473,Premium Support ,1000,22,8
69380898,401585,648367,ProSupport One for Data Center,1200,18,7
58055880,275099,648367,Optimize for Storage,1500,22,3
42348942,295128,164378,Secure Remote Services,1500,16,11
47103059,368884,985473,Premium Support ,1000,15,8
12284660,801641,648367,Service Account Manager(SAM),3000,4,4
59080691,596849,763457,Keep Your Hard Drive,2000,20,6
59941433,319677,164378,Secure Remote Services,1500,14,11
15026229,214725,648367,Technical Account Manager(TAM),5000,21,4
95628999,838989,457953,Support Assist,6000,15,11
96138812,204641,164378,Secure Remote Services,1500,8,11
82041819,781241,164378,Secure Remote Services,1500,14,11
44826647,308548,457953,Support Assist,6000,16,11
71207657,788639,457953,Support Assist,6000,1,11
58269420,773441,763457,Keep Your Hard Drive,2000,2,6
88456440,710473,648367,Designated Support Engineer(DSE),8000,4,4
64016565,280616,457953,Support Assist,6000,18,11
88845283,926471,457953,TechDirect,3000,5,11
15845481,420058,763457,Keep Your Hard Drive,2000,2,6
60848761,923618,164378,Secure Remote Services,1500,3,11
63738528,626643,457953,TechDirect,3000,10,11
35709380,709787,763457,FIX your PC,2000,9,10
95208246,605917,648367,PCAAS for Business,4000,14,7
51584080,203063,648367,Dell Technologies Unified Workspace,9000,2,7
26445495,832795,457953,TechDirect,3000,10,11
61353503,846758,164378,Secure Remote Services,1500,17,11
94532946,817618,763457,FIX your PC,2000,15,10
40043704,589012,763457,FIX your PC,2000,1,10
27112274,389576,648367,Dell Technologies Unified Workspace,9000,8,7
20009669,254755,164378,ProSupport Flex,600,4,1
25326584,580822,985473,Premium Support ,1000,6,8
50301482,448922,164378,ProSupport Flex,600,4,1
67745511,916834,648367,Dell Technologies Unified Workspace,9000,2,7
25909226,352019,457953,TechDirect,3000,13,11
11364495,807476,763457,ProSupport,800,14,1
54310930,213620,985473,Premium Support ,1000,12,8
26240914,510975,164378,ProSupport Flex,600,19,1
66371608,682658,648367,Dell Technologies Unified Workspace,9000,3,7
28556157,920812,985473,Base Warranty,800,15,9
10930400,335636,985473,Base Warranty,800,1,9
85246935,758862,763457,ProSupport,800,16,1
96256801,986092,457953,TechDirect,3000,21,11
92409659,647012,457953,Accidental Damage Service,1000,6,5
15924331,358642,164378,ProSupport Flex,600,19,1
28246206,640581,648367,Dell Technologies Unified Workspace,9000,16,7
80625299,822054,648367,Dell Technologies Unified Workspace,9000,15,7
12494255,251321,648367,PCAAS for Business,4000,14,7
25075609,875792,648367,Service Account Manager(SAM),3000,5,4
71785847,432229,985473,Warranty Extension,1800,21,9
15290032,306701,763457,Warranty Extension,1800,18,9
75296324,996381,164378,ProSupport Flex,600,17,1
36593982,376941,648367,PCAAS for Business,4000,6,7
97945519,497576,648367,PCAAS for Business,4000,17,7
77346099,182058,457953,TechDirect,3000,19,11
89484394,489450,763457,FIX your PC,2000,8,10
39376862,318089,457953,TechDirect,3000,7,11
46689929,301953,164378,ProSupport Flex,600,20,1
12041824,329907,985473,Warranty Extension,1800,16,9
70598594,696295,763457,Keep Your Hard Drive,2000,1,6
70200391,635271,164378,ProSupport Flex,600,21,1
65507908,315034,985473,Warranty Extension,1800,10,9
63704062,285675,164378,ProSupport Flex,600,8,1
93409170,177300,648367,PCAAS for Business,4000,19,7
27121149,814002,164378,ProSupport Flex,600,18,1
32457338,580274,164378,ProSupport Flex,600,22,1
40164046,863434,457953,TechDirect,3000,4,11
25110151,768022,648367,PCAAS for Business,4000,21,7
27800309,292052,164378,Service Account Manager(SAM),3000,14,4
90862896,395472,648367,Service Account Manager(SAM),3000,18,4
81870902,669795,648367,Service Account Manager(SAM),3000,7,4
96267500,259749,763457,Keep Your Hard Drive,2000,17,6
71932367,862228,763457,Keep Your Hard Drive,2000,20,6
10887154,882209,985473,Warranty Extension,1800,7,9
25904960,840009,164378,ProSupport Plus,1000,12,1
74183855,413384,763457,FIX your PC,2000,21,10
16185127,408482,457953,Accidental Damage Service,1000,6,5
73864931,666407,648367,Service Account Manager(SAM),3000,14,4
55683664,218533,648367,Technical Account Manager(TAM),5000,6,4
14580511,973342,457953,Premium Support Plus,1500,22,8
66403636,197578,457953,Support Assist,6000,13,11
25904961,840009,164378,Secure Remote Services,1500,18,11
56323518,669996,164378,ProSupport Plus,1000,7,1
21081501,539579,648367,Service Account Manager(SAM),3000,16,4
66006391,125872,457953,TechDirect,3000,6,11
80632318,837426,164378,PCAAS for Enterprise,7000,18,7
75965109,235913,648367,Service Account Manager(SAM),3000,13,4
86241755,274339,985473,Warranty Extension,1800,9,9
18478228,512957,164378,Secure Remote Services,1500,10,11
71990530,235415,648367,Service Account Manager(SAM),3000,14,4
36303168,586433,763457,FIX your PC,2000,12,10
66365385,255982,164378,ProSupport Plus,1000,17,1
31111376,357307,985473,Warranty Extension,1800,5,9
83816194,667859,164378,PCAAS for Enterprise,7000,20,7
18336443,503729,164378,ProSupport Plus,1000,6,1
32091631,637992,648367,Technical Account Manager(TAM),5000,19,4
40360807,809585,164378,PCAAS for Enterprise,7000,5,7
61577625,960549,985473,FIX your PC,2000,11,10
81050529,232646,985473,FIX your PC,2000,22,10
42339067,741386,164378,Service Account Manager(SAM),3000,17,4
21340847,184514,648367,Technical Account Manager(TAM),5000,6,4
33760246,447090,457953,Warranty Extension,1800,12,9
98943303,272372,648367,Technical Account Manager(TAM),5000,4,4
36071732,901940,985473,FIX your PC,2000,14,10
41760027,863659,648367,Technical Account Manager(TAM),5000,6,4
58960208,482788,985473,FIX your PC,2000,8,10
49889211,390321,457953,Premium Support Plus,1500,14,8
33798022,984074,763457,FIX your PC,2000,17,10
95062338,420425,648367,Technical Account Manager(TAM),5000,1,4
56153314,847428,164378,Secure Remote Services,1500,16,11
32856141,636027,164378,ProSupport Plus,1000,17,1
54619983,894744,457953,Premium Support Plus,1500,4,8
50542823,745058,164378,PCAAS for Enterprise,7000,12,7
47515571,814720,164378,ProSupport Plus,1000,15,1
66266302,799474,763457,FIX your PC,2000,5,10
97157851,430660,985473,FIX your PC,2000,17,10
56780986,502976,763457,FIX your PC,2000,19,10
62500849,443961,985473,FIX your PC,2000,6,10
82385368,980544,648367,Technical Account Manager(TAM),5000,13,4
40364042,236627,985473,Support Assist,6000,22,11
99127592,259771,763457,FIX your PC,2000,18,10
39393700,316153,763457,Warranty Extension,1800,4,9
18045598,602901,648367,ProSupport One for Data Center,1200,8,7
96933012,319426,648367,Optimize for Storage,1500,21,3
15422261,717322,763457,Warranty Extension,1800,9,9
36297497,603441,164378,PCAAS for Enterprise,7000,16,7
66048424,316773,457953,Premium Support Plus,1500,9,8
53848362,561706,985473,Support Assist,6000,20,11
84630036,283233,648367,Service Account Manager(SAM),3000,7,4
44072143,360785,164378,Service Account Manager(SAM),3000,15,4
45170856,568396,985473,Secure Remote Services,1500,5,11
38936576,569208,985473,MyService360,1500,13,2
36001428,862508,648367,Technical Account Manager(TAM),5000,18,4
16873924,595400,648367,Designated Support Engineer(DSE),8000,10,4
19780846,391677,648367,Designated Support Engineer(DSE),8000,15,4
15464011,629094,457953,Premium Support Plus,1500,16,8
86316497,538099,648367,Designated Support Engineer(DSE),8000,9,4
71984533,447315,985473,Premium Support ,1000,2,8
46557313,866533,164378,ProSupport Plus,1000,2,1
72188433,223842,164378,PCAAS for Enterprise,7000,19,7
85376607,695913,648367,Designated Support Engineer(DSE),8000,13,4
62097524,703258,457953,Premium Support Plus,1500,3,8
37625722,799440,164378,Service Account Manager(SAM),3000,7,4
66615936,322907,648367,Designated Support Engineer(DSE),8000,20,4
64631998,927582,985473,Base Warranty,800,2,9
29524594,421662,763457,Warranty Extension,1800,19,9
33374531,626217,164378,ProSupport Flex,600,6,1
21159581,563278,648367,Designated Support Engineer(DSE),8000,20,4
58868391,377693,457953,Premium Support Plus,1500,23,8
77765193,890991,386534,Designated Support Engineer(DSE),8000,20,4
33374532,626217,164378,ProSupport Plus,1000,17,1
56245062,314801,164378,PCAAS for Enterprise,7000,16,7
11341501,207814,386534,Dell Technologies Unified Workspace,9000,11,7
50033325,202115,386534,ProSupport One for Data Center,1200,5,7
32432648,921413,386534,Optimize for Storage,1500,21,3
58497311,156912,386534,Service Account Manager(SAM),3000,18,4
60243087,214684,164378,Secure Remote Services,1500,3,11
15631049,915227,164378,Service Account Manager(SAM),3000,8,4
65505468,358685,164378,ProSupport Plus,1000,23,1
66054499,893055,985473,Warranty Extension,1800,9,9
60518605,195707,386534,Technical Account Manager(TAM),5000,22,4
35572530,848244,457953,Accidental Damage Service,1000,4,5
93732713,264711,386534,Technical Account Manager(TAM),5000,19,4
39339101,504189,386534,Technical Account Manager(TAM),5000,22,4
55508449,930232,763457,Warranty Extension,1800,19,9
18578350,163114,164378,PCAAS for Enterprise,7000,10,7
67403108,653650,386534,Service Account Manager(SAM),3000,1,4
66754864,114498,164378,Service Account Manager(SAM),3000,20,4
56000137,879035,386534,Service Account Manager(SAM),3000,9,4
43919638,644180,457953,Accidental Damage Service,1000,19,5
61434867,228031,985473,FIX your PC,2000,11,10
75020464,338621,985473,Support Assist,6000,16,11
42294564,920425,386534,Service Account Manager(SAM),3000,21,4
16710249,378735,164378,ProSupport Plus,1000,18,1
33971163,781527,985473,Secure Remote Services,1500,8,11
76465014,517758,164378,ProSupport Flex,600,7,1
46059662,419690,164378,Service Account Manager(SAM),3000,5,4
89870119,215358,164378,ProSupport Plus,1000,7,1
15317356,268404,386534,Service Account Manager(SAM),3000,13,4
77279487,844671,386534,Service Account Manager(SAM),3000,22,4
86951447,631876,985473,MyService360,1500,13,2
55468699,666689,164378,Secure Remote Services,1500,21,11
15975677,317405,164378,PCAAS for Enterprise,7000,1,7
11669718,266463,164378,ProSupport Plus,1000,20,1
26612311,326786,164378,Service Account Manager(SAM),3000,20,4
94258700,812211,763457,Warranty Extension,1800,9,9
96562294,634529,164378,Secure Remote Services,1500,22,11
74377836,831799,386534,Designated Support Engineer(DSE),8000,21,4
25160329,525091,985473,Base Warranty,800,13,9
45354252,978800,386534,Optimize for Storage,1500,1,3
70490216,739146,985473,Base Warranty,800,14,9
55431967,704797,164378,Service Account Manager(SAM),3000,5,4
96991375,567772,164378,Secure Remote Services,1500,5,11
54369042,310173,763457,Warranty Extension,1800,22,9
72991560,144548,164378,Secure Remote Services,1500,10,11
50983644,734469,164378,PCAAS for Enterprise,7000,21,7
15372160,630016,457953,Accidental Damage Service,1000,10,5
69393556,780778,457953,Support Assist,6000,3,11
86468478,538505,164378,Secure Remote Services,1500,13,11
80935308,579723,386534,Optimize for Storage,1500,4,3
99967684,901762,763457,Warranty Extension,1800,23,9
42128184,765235,164378,Service Account Manager(SAM),3000,13,4
48851951,186047,457953,Support Assist,6000,19,11
43845442,389919,457953,TechDirect,3000,15,11
63931386,990488,763457,ProSupport,800,12,1
20189117,385559,985473,Base Warranty,800,1,9
81326851,998903,386534,Optimize for Storage,1500,8,3
55083503,929869,386534,ProSupport One for Data Center,1200,4,7
63083802,435093,164378,Secure Remote Services,1500,3,11
71177782,858385,457953,Support Assist,6000,18,11
35176536,716058,985473,Base Warranty,800,12,9
27007347,371501,457953,Support Assist,6000,7,11
28381767,330900,386534,Optimize for Storage,1500,3,3
94686943,508854,164378,ProSupport Flex,600,13,1
18151096,417646,457953,Support Assist,6000,4,11
69069243,196640,386534,Optimize for Storage,1500,8,3
70240722,732435,164378,PCAAS for Enterprise,7000,11,7
97057893,784503,386534,Optimize for Storage,1500,13,3
18291347,705501,457953,TechDirect,3000,16,11
75321146,655342,386534,Optimize for Storage,1500,20,3
35524069,945089,386534,ProSupport One for Data Center,1200,22,7
18463209,935819,164378,Secure Remote Services,1500,16,11
77925890,772602,985473,Base Warranty,800,17,9
32365751,890888,386534,Optimize for Storage,1500,14,3
88653103,927902,763457,ProSupport,800,7,1
61532776,919021,164378,ProSupport Flex,600,9,1
89717495,361407,164378,Secure Remote Services,1500,13,11
71438462,175904,763457,ProSupport,800,2,1
93608639,251891,386534,Optimize for Storage,1500,14,3
58511322,965500,457953,TechDirect,3000,17,11
85460553,166633,164378,ProSupport Flex,600,16,1
58882149,259575,164378,PCAAS for Enterprise,7000,8,7
71320876,836165,164378,Secure Remote Services,1500,15,11
83026274,484597,985473,Base Warranty,800,10,9
36742735,682475,457953,TechDirect,3000,19,11
43672599,825983,164378,ProSupport Flex,600,14,1
24387896,128477,386534,Optimize for Storage,1500,12,3
91358729,744163,457953,Warranty Extension,1800,1,9
34319529,383161,763457,FIX your PC,2000,16,10
12186914,507995,763457,Warranty Extension,1800,23,9
59488771,508004,164378,PCAAS for Enterprise,7000,7,7
73268394,662220,164378,Secure Remote Services,1500,17,11
86056754,347957,763457,Keep Your Hard Drive,2000,6,6
80782397,790041,648367,Optimize for Storage,1500,9,3
76927621,243683,985473,Warranty Extension,1800,2,9
32084432,820854,457953,Warranty Extension,1800,13,9
59759347,219494,648367,ProSupport One for Data Center,1200,10,7
25066798,355333,985473,Warranty Extension,1800,22,9
61272960,674758,164378,Service Account Manager(SAM),3000,4,4
47610794,591213,985473,Warranty Extension,1800,5,9
30357844,606551,763457,Keep Your Hard Drive,2000,2,6
19837384,321983,648367,ProSupport One for Data Center,1200,7,7
35095753,280235,648367,Service Account Manager(SAM),3000,19,4
32222958,814062,457953,Warranty Extension,1800,2,9
83384089,375719,985473,Warranty Extension,1800,14,9
15836299,812440,985473,Secure Remote Services,1500,8,11
56105694,526095,985473,Secure Remote Services,1500,11,11
23368507,480343,648367,ProSupport One for Data Center,1200,12,7
64834884,387512,763457,ProSupport,800,18,1
11635259,411827,457953,Warranty Extension,1800,5,9
72197032,379192,164378,Service Account Manager(SAM),3000,19,4
55704984,745056,457953,Warranty Extension,1800,15,9
94093558,343590,648367,ProSupport One for Data Center,1200,7,7
98399226,292943,648367,Service Account Manager(SAM),3000,3,4
65787197,821131,457953,Warranty Extension,1800,15,9
82676090,274488,648367,ProSupport One for Data Center,1200,11,7
76437101,300647,164378,PCAAS for Enterprise,7000,22,7
43498387,563480,763457,FIX your PC,2000,12,10
34947895,695502,457953,Warranty Extension,1800,19,9
89966116,593435,648367,ProSupport One for Data Center,1200,18,7
81278914,628748,985473,Secure Remote Services,1500,15,11
17049359,391027,457953,Accidental Damage Service,1000,17,5
81180853,777314,648367,Service Account Manager(SAM),3000,4,4
45332048,987973,457953,TechDirect,3000,5,11
87559174,414100,763457,Warranty Extension,1800,4,9
76437102,300647,164378,ProSupport Flex,600,23,1
15575603,128069,164378,Secure Remote Services,1500,4,11
43115265,953557,164378,Service Account Manager(SAM),3000,2,4
32397023,741578,457953,Support Assist,6000,23,11
46369767,528503,648367,Optimize for Storage,1500,17,3
68970799,992542,985473,Secure Remote Services,1500,4,11
58711388,292646,985473,MyService360,1500,21,2
47630007,704563,648367,Service Account Manager(SAM),3000,9,4
73236187,698791,763457,Keep Your Hard Drive,2000,7,6
18287876,526168,648367,Technical Account Manager(TAM),5000,21,4
52446413,891639,648367,Designated Support Engineer(DSE),8000,10,4
84378456,641307,457953,Premium Support Plus,1500,14,8
58733852,354053,164378,PCAAS for Enterprise,7000,9,7
97398189,719451,985473,MyService360,1500,5,2
41687625,390131,457953,Premium Support Plus,1500,23,8
53643816,355249,164378,Service Account Manager(SAM),3000,22,4
55741135,583972,648367,Dell Technologies Unified Workspace,9000,13,7
16509245,358904,457953,TechDirect,3000,4,11
73059655,706362,648367,Dell Technologies Unified Workspace,9000,15,7
53138327,147225,763457,ProSupport,800,23,1
81633212,986041,763457,Warranty Extension,1800,13,9
56651867,929826,164378,ProSupport Flex,600,16,1
12386718,995551,164378,Secure Remote Services,1500,5,11
27190211,607132,985473,MyService360,1500,9,2
44789334,290565,648367,Dell Technologies Unified Workspace,9000,15,7
20728134,296852,164378,Service Account Manager(SAM),3000,1,4
13136386,608230,457953,TechDirect,3000,15,11
11473029,850042,763457,FIX your PC,2000,11,10
38310318,763441,763457,Keep Your Hard Drive,2000,23,6
23573218,828962,457953,TechDirect,3000,4,11
94677587,493020,985473,MyService360,1500,8,2
55591113,530089,985473,MyService360,1500,3,2
15514262,386711,457953,Support Assist,6000,5,11
27389227,857807,648367,Dell Technologies Unified Workspace,9000,18,7
24857659,377190,164378,PCAAS for Enterprise,7000,22,7
50753418,298803,648367,PCAAS for Business,4000,16,7
34866360,372452,164378,Service Account Manager(SAM),3000,10,4
93976907,580489,457953,Support Assist,6000,16,11
42433384,613875,985473,FIX your PC,2000,9,10
44045961,707888,457953,Support Assist,6000,20,11
30122018,454442,985473,FIX your PC,2000,1,10
12473354,184562,648367,Dell Technologies Unified Workspace,9000,21,7
27680577,695969,164378,Service Account Manager(SAM),3000,18,4
51763451,445332,763457,ProSupport,800,6,1
46722548,624271,457953,Accidental Damage Service,1000,12,5
82405532,861922,648367,ProSupport One for Data Center,1200,21,7
47806023,658898,985473,FIX your PC,2000,20,10
54429196,127075,648367,Optimize for Storage,1500,8,3
29707782,423011,164378,Secure Remote Services,1500,11,11
43421125,711581,648367,Service Account Manager(SAM),3000,9,4
92261928,927847,164378,ProSupport Flex,600,5,1
57406477,977563,457953,Accidental Damage Service,1000,11,5
70597318,232875,648367,Technical Account Manager(TAM),5000,5,4
54811060,642447,164378,ProSupport Flex,600,11,1
92671244,609424,648367,Designated Support Engineer(DSE),8000,13,4
99631153,176971,164378,PCAAS for Enterprise,7000,4,7
21492291,124449,457953,Accidental Damage Service,1000,17,5
63288787,720547,985473,FIX your PC,2000,9,10
20935628,449995,457953,Accidental Damage Service,1000,11,5
42126727,652873,164378,ProSupport Flex,600,12,1
32928325,703906,648367,Dell Technologies Unified Workspace,9000,6,7
51744750,294025,164378,Secure Remote Services,1500,23,11
74639782,682902,164378,ProSupport Plus,1000,2,1
48319816,649679,164378,ProSupport Flex,600,5,1
82186418,626899,164378,PCAAS for Enterprise,7000,18,7
28192107,118144,985473,FIX your PC,2000,1,10
86305010,875693,164378,ProSupport Plus,1000,6,1
40299507,409197,164378,ProSupport Flex,600,2,1
39369755,556895,164378,PCAAS for Enterprise,7000,5,7
11030720,258062,164378,Service Account Manager(SAM),3000,18,4
55028462,888447,164378,ProSupport Flex,600,11,1
84891210,184520,985473,Support Assist,6000,10,11
42463963,234615,985473,Support Assist,6000,5,11
18561217,880500,164378,ProSupport Flex,600,22,1
50220156,276557,164378,PCAAS for Enterprise,7000,11,7
27277766,253914,763457,ProSupport,800,18,1
40781427,214151,763457,Keep Your Hard Drive,2000,12,6
45426815,600965,457953,Premium Support Plus,1500,15,8
89955999,582395,763457,Warranty Extension,1800,1,9
50220157,276557,164378,Service Account Manager(SAM),3000,2,4
55247450,268040,164378,ProSupport Flex,600,6,1
57553575,265738,648367,PCAAS for Business,4000,18,7
69184076,386523,164378,ProSupport Flex,600,17,1
26153787,738090,763457,FIX your PC,2000,23,10
38122150,597179,763457,Warranty Extension,1800,5,9
19651819,667427,985473,Support Assist,6000,10,11
53267504,569695,164378,PCAAS for Enterprise,7000,23,7
68633705,690528,985473,Support Assist,6000,7,11
52706396,345118,985473,Support Assist,6000,17,11
16400105,163411,648367,PCAAS for Business,4000,19,7
98057343,751229,164378,Service Account Manager(SAM),3000,14,4
16364768,804129,457953,Warranty Extension,1800,3,9
95780032,918594,457953,TechDirect,3000,18,11
47246079,366810,457953,Support Assist,6000,5,11
42944012,813992,985473,Support Assist,6000,23,11
20600492,596960,763457,Warranty Extension,1800,18,9
72353992,930076,763457,Keep Your Hard Drive,2000,12,6
53900613,606888,164378,ProSupport Flex,600,6,1
60164493,381302,457953,Support Assist,6000,13,11
22657027,365733,164378,ProSupport Flex,600,12,1
31180809,211648,164378,PCAAS for Enterprise,7000,9,7
83213915,998499,648367,PCAAS for Business,4000,2,7
97112719,275262,763457,FIX your PC,2000,7,10
99543735,366361,164378,ProSupport Flex,600,17,1
52215430,495571,648367,PCAAS for Business,4000,20,7
19090522,400422,457953,TechDirect,3000,11,11
87873724,641760,648367,PCAAS for Business,4000,3,7
49401603,216738,763457,ProSupport,800,4,1
71111202,983720,648367,PCAAS for Business,4000,15,7
61299881,818136,164378,Service Account Manager(SAM),3000,13,4
62772281,186578,763457,ProSupport,800,17,1
93370059,299513,457953,Warranty Extension,1800,12,9
28631675,361480,648367,ProSupport One for Data Center,1200,13,7
33005257,473266,985473,Support Assist,6000,11,11
46795854,967064,164378,ProSupport Flex,600,4,1
78080526,720426,164378,PCAAS for Enterprise,7000,19,7
20147380,811632,457953,Premium Support Plus,1500,5,8
79328268,428584,985473,Support Assist,6000,16,11
52140892,961569,648367,Optimize for Storage,1500,9,3
71335544,488863,648367,Service Account Manager(SAM),3000,7,4
92562067,694905,648367,Technical Account Manager(TAM),5000,13,4
27729527,768563,648367,Designated Support Engineer(DSE),8000,4,4
31163796,194454,985473,Premium Support ,1000,12,8
96214487,476189,985473,Base Warranty,800,4,9
87228658,786096,648367,Dell Technologies Unified Workspace,9000,16,7
33308604,557710,648367,PCAAS for Business,4000,17,7
78041809,861085,985473,Warranty Extension,1800,1,9
94005716,374081,763457,FIX your PC,2000,16,10
11753261,954614,763457,Warranty Extension,1800,23,9
58104078,687789,648367,ProSupport One for Data Center,1200,2,7
48632484,563948,164378,ProSupport Flex,600,18,1
81563511,319531,164378,Service Account Manager(SAM),3000,13,4
16295113,622824,164378,ProSupport Flex,600,10,1
28624866,725043,985473,Secure Remote Services,1500,2,11
30002393,882089,648367,ProSupport One for Data Center,1200,1,7
36741172,964283,648367,Optimize for Storage,1500,22,3
60449447,335484,648367,Service Account Manager(SAM),3000,20,4
10587228,424085,164378,ProSupport Plus,1000,20,1
60010383,162785,457953,Accidental Damage Service,1000,8,5
45144964,210955,164378,PCAAS for Enterprise,7000,17,7
22296940,884750,164378,Service Account Manager(SAM),3000,20,4
37532867,575116,457953,Accidental Damage Service,1000,3,5
40020853,757652,164378,ProSupport Flex,600,18,1
88610543,838027,164378,ProSupport Flex,600,13,1
23895199,879616,985473,MyService360,1500,12,2
25629418,517817,763457,Warranty Extension,1800,18,9
77208191,480982,985473,FIX your PC,2000,10,10
97812036,569298,648367,Optimize for Storage,1500,22,3
39093427,759808,985473,Support Assist,6000,11,11
95855061,321903,164378,Service Account Manager(SAM),3000,3,4
85558487,290293,648367,Service Account Manager(SAM),3000,19,4
82530796,143317,164378,PCAAS for Enterprise,7000,1,7
39340092,809667,985473,Support Assist,6000,18,11
21920934,523237,648367,Technical Account Manager(TAM),5000,9,4
76512534,633556,164378,ProSupport Flex,600,18,1
87917777,938396,985473,Premium Support ,1000,20,8
25956517,283154,164378,ProSupport Plus,1000,3,1
65068820,304382,763457,Keep Your Hard Drive,2000,18,6
82751065,685306,164378,Service Account Manager(SAM),3000,9,4
47509566,153156,985473,Premium Support ,1000,19,8
70473562,306626,648367,Technical Account Manager(TAM),5000,10,4
83761540,341823,164378,PCAAS for Enterprise,7000,6,7
15437581,471637,457953,Premium Support Plus,1500,9,8
80124530,431532,648367,Technical Account Manager(TAM),5000,22,4
33274643,781612,457953,Premium Support Plus,1500,18,8
20022178,542082,457953,Warranty Extension,1800,12,9
77339358,550764,164378,ProSupport Plus,1000,13,1
68180641,154437,164378,ProSupport Flex,600,23,1
12755530,176482,164378,ProSupport Flex,600,2,1
56235424,666715,648367,Designated Support Engineer(DSE),8000,15,4
65431545,138019,164378,PCAAS for Enterprise,7000,22,7
89066468,842541,985473,Base Warranty,800,15,9
48823687,873670,164378,Service Account Manager(SAM),3000,4,4
86088359,290646,164378,ProSupport Flex,600,4,1
99771063,786408,164378,ProSupport Flex,600,15,1
16698327,559051,648367,Designated Support Engineer(DSE),8000,20,4
87712525,516893,164378,PCAAS for Enterprise,7000,14,7
71355869,760501,985473,Base Warranty,800,11,9
65408768,511609,164378,ProSupport Flex,600,4,1
38703780,868039,648367,Designated Support Engineer(DSE),8000,9,4
10517460,469485,164378,Service Account Manager(SAM),3000,20,4
19153470,264051,648367,PCAAS for Business,4000,7,7
56987578,583643,457953,Premium Support Plus,1500,4,8
45649065,681669,763457,ProSupport,800,17,1
55281871,272735,763457,Keep Your Hard Drive,2000,9,6
25008721,677434,457953,Premium Support Plus,1500,11,8
97010598,985202,648367,PCAAS for Business,4000,17,7
26789874,996307,648367,Dell Technologies Unified Workspace,9000,18,7
58378073,326436,457953,Premium Support Plus,1500,20,8
76398387,412382,648367,PCAAS for Business,4000,7,7
77391691,536653,763457,FIX your PC,2000,17,10
47331045,961962,763457,Warranty Extension,1800,10,9
93358742,347222,648367,PCAAS for Business,4000,23,7
75646939,818991,164378,ProSupport Flex,600,6,1
69907085,798815,164378,ProSupport Flex,600,8,1
29071112,396181,985473,Warranty Extension,1800,9,9
67387235,715790,164378,PCAAS for Enterprise,7000,9,7
13697969,366282,164378,ProSupport Plus,1000,17,1
94381866,420178,164378,ProSupport Flex,600,13,1
94381867,420178,164378,Service Account Manager(SAM),3000,16,4
11706574,742376,164378,PCAAS for Enterprise,7000,20,7
87329799,490788,164378,ProSupport Flex,600,8,1
72454999,600534,164378,ProSupport Flex,600,10,1
50426029,373020,457953,Warranty Extension,1800,11,9
73608937,917053,164378,Service Account Manager(SAM),3000,16,4
51066273,978259,164378,PCAAS for Enterprise,7000,17,7
12574111,770283,763457,ProSupport,800,21,1
73272054,522846,164378,ProSupport Plus,1000,22,1
64849904,490361,763457,Warranty Extension,1800,15,9
20925232,634421,164378,ProSupport Flex,600,10,1
28645456,673541,985473,Warranty Extension,1800,22,9
90958276,864503,648367,PCAAS for Business,4000,1,7
96770618,422206,457953,Warranty Extension,1800,10,9
16332188,857332,763457,FIX your PC,2000,3,10
99256662,171693,648367,PCAAS for Business,4000,15,7
93067855,313842,457953,Warranty Extension,1800,2,9
11423933,465030,648367,Dell Technologies Unified Workspace,9000,3,7
30497884,445222,164378,ProSupport Flex,600,9,1
92671424,703376,164378,Service Account Manager(SAM),3000,7,4
44765234,166058,985473,Warranty Extension,1800,4,9
43763606,344365,985473,Secure Remote Services,1500,1,11
41753591,943721,763457,ProSupport,800,3,1
43289211,798377,164378,PCAAS for Enterprise,7000,14,7
60859393,665127,457953,Warranty Extension,1800,6,9
94583173,272721,648367,Dell Technologies Unified Workspace,9000,13,7
51957016,659738,985473,Secure Remote Services,1500,12,11
27286076,702625,164378,ProSupport Flex,600,6,1
81553000,462146,985473,MyService360,1500,16,2
48062771,796810,164378,ProSupport Flex,600,22,1
36421845,453137,985473,MyService360,1500,10,2
28072600,114310,164378,Service Account Manager(SAM),3000,10,4
78466469,740330,457953,Warranty Extension,1800,11,9
56852288,200325,457953,Warranty Extension,1800,4,9
35292168,861734,648367,Dell Technologies Unified Workspace,9000,9,7
13335425,586654,457953,TechDirect,3000,16,11
84885375,673342,164378,PCAAS for Enterprise,7000,20,7
49351160,128935,763457,Keep Your Hard Drive,2000,8,6
36202189,337405,164378,ProSupport Plus,1000,21,1
39773656,152914,457953,TechDirect,3000,13,11
31484625,216967,164378,Service Account Manager(SAM),3000,5,4
67025557,770846,985473,FIX your PC,2000,15,10
44669549,815534,164378,ProSupport Flex,600,11,1
80541361,618048,164378,ProSupport Flex,600,23,1
84856120,456328,164378,PCAAS for Enterprise,7000,5,7
88892448,704021,457953,TechDirect,3000,18,11
66305289,173346,763457,Keep Your Hard Drive,2000,13,6
51901906,850385,648367,ProSupport One for Data Center,1200,17,7
76480577,619779,648367,Optimize for Storage,1500,18,3
22665861,521177,985473,FIX your PC,2000,5,10
70825459,910461,985473,FIX your PC,2000,5,10
33760550,962174,985473,Support Assist,6000,5,11
61122077,648346,164378,ProSupport Flex,600,4,1
89040446,454793,648367,Service Account Manager(SAM),3000,2,4
26911282,385006,648367,Technical Account Manager(TAM),5000,12,4
24415888,490144,648367,Designated Support Engineer(DSE),8000,13,4
87612122,431839,985473,Premium Support ,1000,10,8
66632154,890988,648367,Dell Technologies Unified Workspace,9000,1,7
31382616,827505,164378,ProSupport Plus,1000,9,1
12086249,353838,164378,Service Account Manager(SAM),3000,14,4
31891499,156077,457953,TechDirect,3000,15,11
59202053,438976,985473,Base Warranty,800,10,9
71260992,910320,457953,TechDirect,3000,17,11
80351533,591722,457953,Support Assist,6000,9,11
10659518,872330,164378,ProSupport Plus,1000,12,1
94648066,444949,985473,Warranty Extension,1800,12,9
33055165,872654,763457,FIX your PC,2000,14,10
29401296,986185,648367,PCAAS for Business,4000,2,7
45735413,844541,763457,Warranty Extension,1800,4,9
81204307,839298,164378,PCAAS for Enterprise,7000,18,7
85417132,756664,164378,ProSupport Flex,600,9,1
70021165,132984,457953,Support Assist,6000,12,11
42587543,118770,648367,ProSupport One for Data Center,1200,3,7
27767705,650507,164378,ProSupport Plus,1000,16,1
63354914,643566,457953,Support Assist,6000,5,11
26607864,955134,985473,Secure Remote Services,1500,1,11
27767706,650507,164378,Service Account Manager(SAM),3000,5,4
81143071,870420,763457,FIX your PC,2000,1,10
64697533,519038,164378,PCAAS for Enterprise,7000,4,7
29785001,223085,648367,Optimize for Storage,1500,20,3
39251134,439016,164378,PCAAS for Enterprise,7000,19,7
13097764,862565,985473,MyService360,1500,20,2
84050591,989000,457953,Support Assist,6000,15,11
93276123,362896,648367,Optimize for Storage,1500,11,3
